{
  "project_info": {
    "project_number": "912393668807",
    "project_id": "goevent-5714d",
    "storage_bucket": "goevent-5714d.appspot.com"
  },
  "client": [
    {
      "client_info": {
        "mobilesdk_app_id": "1:912393668807:android:b3efec4ff22ee9553196e2",
        "android_client_info": {
          "package_name": "com.example.goevent"
        }
      },
      "oauth_client": [
        {
          "client_id": "912393668807-n4bgfl5qpe0j76b1lvavea83lmgp1665.apps.googleusercontent.com",
          "client_type": 3
        }
      ],
      "api_key": [
        {
          "current_key": "AIzaSyDsEOXG574Y3qr_VPe4x9RSRERI8iZ08AY"
        }
      ],
      "services": {
        "appinvite_service": {
          "other_platform_oauth_client": [
            {
              "client_id": "912393668807-n4bgfl5qpe0j76b1lvavea83lmgp1665.apps.googleusercontent.com",
              "client_type": 3
            }
          ]
        }
      }
    }
  ],
  "configuration_version": "1"
}